{
    "loss": 0.8487285375595093,
    "accuracy": 0.8534482717514038
}